{
  "ECS": {
    "ACCESS-CM2": 4.6620064099,
    "ACCESS-ESM1-5": 3.8839034758,
    "AWI-CM-1-1-MR": 3.1605068525,
    "BCC-CSM2-MR": 3.0193806982,
    "BCC-ESM1": 3.2547200387,
    "CAMS-CSM1-0": 2.2904117477,
    "CESM2": 5.147915203,
    "CESM2-FV2": 5.1646266289,
    "CESM2-WACCM": 4.6842856782,
    "CESM2-WACCM-FV2": 4.7985553877,
    "CIESM": 5.6324390772,
    "CMCC-CM2-SR5": 3.5533481066,
    "CMCC-ESM2": 3.5768891865,
    "CNRM-CM6-1": 4.9036506205,
    "CNRM-CM6-1-HR": 4.3270728828,
    "CNRM-ESM2-1": 4.7940961176,
    "CanESM5": 5.638903077,
    "E3SM-1-0": 5.3065897706,
    "EC-Earth3": 4.2600669989,
    "EC-Earth3-AerChem": 3.8686131128,
    "EC-Earth3-CC": 4.2308712763,
    "EC-Earth3-Veg": 4.3312130112,
    "EC-Earth3-Veg-LR": 4.2318888863,
    "FGOALS-f3-L": 2.9809530453,
    "FGOALS-g3": 2.8703298529,
    "GFDL-CM4": 3.8901252417,
    "GFDL-ESM4": 2.6493263184,
    "GISS-E2-1-G": 2.6350848378,
    "GISS-E2-1-H": 3.1173410787,
    "GISS-E2-2-G": 2.4263886366,
    "GISS-E2-2-H": 2.6801194155,
    "HadGEM3-GC31-LL": 5.5455979907,
    "HadGEM3-GC31-MM": 5.439908226,
    "IITM-ESM": 2.368209688,
    "INM-CM4-8": 1.8271399574,
    "INM-CM5-0": 1.9158220048,
    "KIOST-ESM": 3.36,
    "IPSL-CM5A2-INCA": 3.8166951336,
    "IPSL-CM6A-LR": 4.6991608783,
    "IPSL-CM6A-LR-INCA": 4.1326709644,
    "KACE-1-0-G": 4.7491463223,
    "MIROC-ES2L": 2.6605264352,
    "MIROC6": 2.6017909697,
    "MPI-ESM-1-2-HAM": 2.9544855619,
    "MPI-ESM1-2-HR": 2.9797516932,
    "MPI-ESM1-2-LR": 3.0254401947,
    "MRI-ESM2-0": 3.1327957129,
    "NESM3": 4.7644471074,
    "NorCPM1": 3.0317257209,
    "NorESM2-LM": 2.563222929,
    "NorESM2-MM": 2.4867715801,
    "SAM0-UNICON": 3.7228789303,
    "TaiESM1": 4.3554901069,
    "UKESM1-0-LL": 5.3591624397
  }
}
